Название товара,Ссылка на товар,Код товара,Цена,Наличие товара,Примечание
Xiaomi Redmi Note 8T 4Gb/128Gb White EU,https://verter.org/smartfony/smartfony-xiaomi/redmi-note-8t/xiaomi-redmi-note-8t-4gb128gb-white-eu.html,106347,14999₽,Наличие: На складе,
Xiaomi Redmi Note 8T 4Gb/128Gb Blue EU,https://verter.org/smartfony/smartfony-xiaomi/redmi-note-8t/xiaomi-redmi-note-8t-4gb128gb-blue-eu.html,106337,14999₽,Наличие: На складе,
Xiaomi Redmi Note 8 Pro 6Gb/64Gb Black EU,https://verter.org/smartfony/smartfony-xiaomi/redmi-note-8-pro/xiaomi-redmi-note-8-pro-6gb64gb-black-eu.html,106182,15499₽,Наличие: На складе,
Xiaomi Redmi Note 8 4Gb/128Gb Black EU,https://verter.org/smartfony/smartfony-xiaomi/redmi-note-8/xiaomi-redmi-note-8-4gb128gb-black-eu.html,106269,14499₽,Наличие: На складе,
Xiaomi Redmi Note 7 Pro 6Gb/128Gb Gold,https://verter.org/smartfony/smartfony-xiaomi/redmi-note-7-pro/xiaomi-redmi-note-7-pro-6gb128gb-gold.html,106122,14499₽15499₽,Наличие: На складе,
Xiaomi Redmi Note 7 Pro 6Gb/128Gb Blue,https://verter.org/smartfony/smartfony-xiaomi/redmi-note-7-pro/xiaomi-redmi-note-7-pro-6gb128gb-blue.html,106121,14499₽15499₽,Наличие: На складе,
Xiaomi Redmi Note 7 Pro 6Gb/128Gb Black,https://verter.org/smartfony/smartfony-xiaomi/redmi-note-7-pro/xiaomi-redmi-note-7-pro-6gb128gb-black.html,106120,14499₽15499₽,Наличие: На складе,
Xiaomi Redmi Note 7 4Gb/128Gb Black EU,https://verter.org/smartfony/smartfony-xiaomi/redmi-note-7/xiaomi-redmi-note-7-4gb128gb-black-eu.html,106019,13999₽,Наличие: На складе,
Xiaomi Redmi Note 7 3Gb/32Gb Black EU,https://verter.org/smartfony/smartfony-xiaomi/redmi-note-7/xiaomi-redmi-note-7-3gb32gb-black-eu.html,103542,10899₽,Наличие: На складе,
Xiaomi Redmi Note 7 3Gb/32Gb Black,https://verter.org/smartfony/smartfony-xiaomi/redmi-note-7/xiaomi-redmi-note-7-3gb32gb-black-cn.html,103520,10899₽,Наличие: На складе,
Xiaomi Redmi 8A 2Gb/32Gb Blue EU,https://verter.org/smartfony/smartfony-xiaomi/redmi-8a/xiaomi-redmi-8a-2gb32gb-blue-eu.html,106267,7899₽,Наличие: На складе,
Xiaomi Redmi 8 4Gb/64Gb Red EU,https://verter.org/smartfony/smartfony-xiaomi/redmi-8/xiaomi-redmi-8-4gb64gb-red-eu.html,106334,9399₽,Наличие: На складе,
Xiaomi Redmi 8 4Gb/64Gb Black EU,https://verter.org/smartfony/smartfony-xiaomi/redmi-8/xiaomi-redmi-8-4gb64gb-black-eu.html,106332,9399₽,Наличие: На складе,
Xiaomi Redmi 7A 2Gb/32Gb Blue EU,https://verter.org/smartfony/smartfony-xiaomi/redmi-7a/xiaomi-redmi-7a-2gb32gb-blue-eu.html,106053,7399₽,Наличие: Нет в наличии,
Xiaomi Redmi 7 3Gb/64Gb Black EU,https://verter.org/smartfony/smartfony-xiaomi/redmi-7/xiaomi-redmi-7-3gb64gb-black-eu.html,103540,9799₽,Наличие: На складе,
Xiaomi Redmi 7 3Gb/32Gb Red,https://verter.org/smartfony/smartfony-xiaomi/redmi-7/xiaomi-redmi-7-3gb32gb-red-cn.html,106112,8999₽,Наличие: На складе,
Xiaomi Redmi 7 3Gb/32Gb Black,https://verter.org/smartfony/smartfony-xiaomi/redmi-7/xiaomi-redmi-7-3gb32gb-black-cn.html,106110,8999₽,Наличие: На складе,
Xiaomi Redmi 7 2Gb/16Gb Red EU,https://verter.org/smartfony/smartfony-xiaomi/redmi-7/xiaomi-redmi-7-2gb16gb-red-eu.html,106048,8299₽,Наличие: На складе,
Xiaomi Redmi 7 2Gb/16Gb Black EU,https://verter.org/smartfony/smartfony-xiaomi/redmi-7/xiaomi-redmi-7-2gb16gb-black-eu.html,106020,8299₽,Наличие: На складе,
Xiaomi Mi 9T 6/64GB Blue EU,https://verter.org/smartfony/smartfony-xiaomi/mi-9t/xiaomi-mi-9t-664gb-blue-eu.html,106045,20499₽,Наличие: На складе,
